Name	Value
filterRegex	^B-REF\t.*
micro precision	0.9624136529865908
micro recall	0.884593837535014
micro f1 score	0.9218643573027148
macro precision	0.8708109895130208
macro recall	0.8646291228544218
macro f1 score	0.8611062018652694
truePositives	4737
falseNegatives	618
falsePositives	185
