Name	Value
filterRegex	^B-REF\t.*
micro precision	0.8294384373910011
micro recall	0.4440709617180205
micro f1 score	0.5784480661639504
macro precision	0.7186578771679304
macro recall	0.5995351864425402
macro f1 score	0.6155158713694188
truePositives	2378
falseNegatives	2977
falsePositives	489
