Name	Value
filterRegex	^B-REF\t.*
micro precision	0.7548458849698125
micro recall	0.8872082166199813
micro f1 score	0.8156923341059318
macro precision	0.692464516839977
macro recall	0.7888409062460393
macro f1 score	0.7116512752094848
truePositives	4751
falseNegatives	604
falsePositives	1543
