Name	Value
filterRegex	^B-REF\t.*
micro precision	0.937819110138585
micro recall	0.9604108309990663
micro f1 score	0.9489805332595258
macro precision	0.9159663852241874
macro recall	0.9522981106014674
macro f1 score	0.9215472909175264
truePositives	5143
falseNegatives	212
falsePositives	341
