Name	Value
filterRegex	^B-REF\t.*
micro precision	0.9426259654284663
micro recall	0.9572362278244632
micro f1 score	0.9498749189289355
macro precision	0.9017198678154024
macro recall	0.9288740163378663
macro f1 score	0.9081489134901973
truePositives	5126
falseNegatives	229
falsePositives	312
