Name	Value
filterRegex	^I-REF\t.*
micro precision	0.9213042977301532
micro recall	0.9377272194206637
micro f1 score	0.9294432174822735
macro precision	0.8821367748672577
macro recall	0.9442976659501647
macro f1 score	0.9024247758604406
truePositives	7996
falseNegatives	531
falsePositives	683
