Name	Value
filterRegex	null
micro precision	0.9444925653240941
micro recall	0.9425875234116121
micro f1 score	0.9435390827805018
macro precision	0.8979245587020175
macro recall	0.9270863720189532
macro f1 score	0.9054984255789187
truePositives	13085
falseNegatives	797
falsePositives	769
