Name	Value
filterRegex	null
micro precision	0.8968049944913699
micro recall	0.9120448179271708
micro f1 score	0.9043607073419128
macro precision	0.8619243032205275
macro recall	0.8918789105890548
macro f1 score	0.869946627104664
truePositives	4884
falseNegatives	471
falsePositives	562
